Datetime,Water Level (m)
2025-09-18 12:00:00,0.48939025
2025-09-18 13:00:00,0.4447448
2025-09-18 14:00:00,0.37422255
2025-09-18 15:00:00,0.29345503
2025-09-18 16:00:00,0.21468724
2025-09-18 17:00:00,0.18194808
2025-09-18 18:00:00,0.230903
2025-09-18 19:00:00,0.292661
2025-09-18 20:00:00,0.37268576
2025-09-18 21:00:00,0.47139278
2025-09-18 22:00:00,0.562351
2025-09-18 23:00:00,0.5976684
2025-09-19 00:00:00,0.599622
2025-09-19 01:00:00,0.57451385
2025-09-19 02:00:00,0.5190413
2025-09-19 03:00:00,0.44325152
2025-09-19 04:00:00,0.3622338
2025-09-19 05:00:00,0.3224505
2025-09-19 06:00:00,0.37990445
2025-09-19 07:00:00,0.4556071
2025-09-19 08:00:00,0.5520988
2025-09-19 09:00:00,0.6653196
2025-09-19 10:00:00,0.76758194
2025-09-19 11:00:00,0.82812
2025-09-19 12:00:00,0.84930086
2025-09-19 13:00:00,0.8353122
2025-09-19 14:00:00,0.77813715
2025-09-19 15:00:00,0.6928832
2025-09-19 16:00:00,0.60088843
2025-09-19 17:00:00,0.51202595
2025-09-19 18:00:00,0.4749996
2025-09-19 19:00:00,0.5319125
2025-09-19 20:00:00,0.612929
2025-09-19 21:00:00,0.7094904
2025-09-19 22:00:00,0.803741
2025-09-19 23:00:00,0.8677214
2025-09-20 00:00:00,0.89581317
2025-09-20 01:00:00,0.8947788
2025-09-20 02:00:00,0.8475144
2025-09-20 03:00:00,0.7691614
2025-09-20 04:00:00,0.67874247
2025-09-20 05:00:00,0.59098643
2025-09-20 06:00:00,0.550671
2025-09-20 07:00:00,0.61529106
2025-09-20 08:00:00,0.70830923
2025-09-20 09:00:00,0.81596684
2025-09-20 10:00:00,0.9208803
2025-09-20 11:00:00,1.0116743
2025-09-20 12:00:00,1.0635192
2025-09-20 13:00:00,1.0770303
2025-09-20 14:00:00,1.0338482
2025-09-20 15:00:00,0.94926393
2025-09-20 16:00:00,0.85198754
2025-09-20 17:00:00,0.7532393
2025-09-20 18:00:00,0.67286617
2025-09-20 19:00:00,0.68179744
2025-09-20 20:00:00,0.75933987
2025-09-20 21:00:00,0.86046046
2025-09-20 22:00:00,0.9630206
2025-09-20 23:00:00,1.0553719
2025-09-21 00:00:00,1.111589
2025-09-21 01:00:00,1.1331389
2025-09-21 02:00:00,1.1016932
2025-09-21 03:00:00,1.0253096
2025-09-21 04:00:00,0.92819947
2025-09-21 05:00:00,0.8282911
2025-09-21 06:00:00,0.744203
2025-09-21 07:00:00,0.7391435
2025-09-21 08:00:00,0.81501794
2025-09-21 09:00:00,0.9197941
2025-09-21 10:00:00,1.0315439
2025-09-21 11:00:00,1.1320205
2025-09-21 12:00:00,1.2009562
2025-09-21 13:00:00,1.2330197
2025-09-21 14:00:00,1.2126987
2025-09-21 15:00:00,1.1376226
2025-09-21 16:00:00,1.0390867
2025-09-21 17:00:00,0.93648267
2025-09-21 18:00:00,0.83887345
2025-09-21 19:00:00,0.7871016
2025-09-21 20:00:00,0.8421928
2025-09-21 21:00:00,0.9422771
2025-09-21 22:00:00,1.0520943
2025-09-21 23:00:00,1.1569097
2025-09-22 00:00:00,1.232573
2025-09-22 01:00:00,1.2739384
2025-09-22 02:00:00,1.2643756
2025-09-22 03:00:00,1.196993
2025-09-22 04:00:00,1.104763
2025-09-22 05:00:00,0.99909043
2025-09-22 06:00:00,0.90118843
2025-09-22 07:00:00,0.83143884
2025-09-22 08:00:00,0.8679493
2025-09-22 09:00:00,0.9610312
2025-09-22 10:00:00,1.0743852
2025-09-22 11:00:00,1.1831782
2025-09-22 12:00:00,1.2664876
2025-09-22 13:00:00,1.3117
2025-09-22 14:00:00,1.3091983
2025-09-22 15:00:00,1.2485203
2025-09-22 16:00:00,1.1578803
2025-09-22 17:00:00,1.0532429
2025-09-22 18:00:00,0.95368975
2025-09-22 19:00:00,0.8692708
2025-09-22 20:00:00,0.8738225
2025-09-22 21:00:00,0.95521814
2025-09-22 22:00:00,1.0748271
2025-09-22 23:00:00,1.1886652
2025-09-23 00:00:00,1.2844945
2025-09-23 01:00:00,1.3423038
2025-09-23 02:00:00,1.3620709
2025-09-23 03:00:00,1.3137645
2025-09-23 04:00:00,1.2296331
2025-09-23 05:00:00,1.1292853
2025-09-23 06:00:00,1.0263139
2025-09-23 07:00:00,0.93679523
2025-09-23 08:00:00,0.911867
2025-09-23 09:00:00,0.98200023
2025-09-23 10:00:00,1.094515
2025-09-23 11:00:00,1.2063495
2025-09-23 12:00:00,1.3021717
2025-09-23 13:00:00,1.3667186
2025-09-23 14:00:00,1.3884923
2025-09-23 15:00:00,1.3462543
2025-09-23 16:00:00,1.2669218
2025-09-23 17:00:00,1.1690471
2025-09-23 18:00:00,1.0639921
2025-09-23 19:00:00,0.9699811
2025-09-23 20:00:00,0.92565227
2025-09-23 21:00:00,0.98314077
2025-09-23 22:00:00,1.0905943
2025-09-23 23:00:00,1.2138078
2025-09-24 00:00:00,1.3204122
2025-09-24 01:00:00,1.401551
2025-09-24 02:00:00,1.4354864
2025-09-24 03:00:00,1.4079375
2025-09-24 04:00:00,1.3382189
2025-09-24 05:00:00,1.2451575
2025-09-24 06:00:00,1.1398901
2025-09-24 07:00:00,1.0408989
2025-09-24 08:00:00,0.976594
2025-09-24 09:00:00,1.0072956
2025-09-24 10:00:00,1.0959393
2025-09-24 11:00:00,1.214211
2025-09-24 12:00:00,1.315264
